{
  "lr": 0.00013915748598497912,
  "batch_size": 1024,
  "gamma": 0.9010119619889969,
  "tau": 0.009903582546205186,
  "eps_decay": 9.267487159659674e-05
}